id_img,label
18341,sadness
13176,sadness
23945,sadness
15968,happy
18382,happy
8256,sadness
21635,happy
2418,sadness
4515,sadness
27618,sadness
9674,sadness
11539,happy
25664,sadness
14930,happy
15667,happy
7682,happy
16581,happy
23973,happy
180,happy
13253,sadness
25382,sadness
16148,happy
21656,happy
11803,sadness
15072,happy
11961,happy
17382,sadness
14261,sadness
3539,sadness
2827,happy
14139,happy
12059,sadness
18734,happy
25703,happy
27738,sadness
24609,happy
20560,happy
6807,happy
7115,happy
12786,sadness
15312,sadness
24494,sadness
17673,happy
15066,happy
12951,happy
27063,sadness
26677,happy
26443,happy
16724,happy
24828,happy
24755,sadness
27128,happy
18767,happy
18427,sadness
11553,happy
26993,happy
17077,sadness
26994,happy
11041,happy
6750,sadness
9714,happy
11152,sadness
8892,sadness
20342,happy
16712,happy
11227,happy
9192,happy
12772,happy
9746,happy
23201,happy
26142,sadness
12920,happy
25843,sadness
5128,happy
22484,happy
27076,happy
527,happy
27717,sadness
15468,sadness
22466,happy
2514,sadness
24743,happy
1834,sadness
14106,sadness
20243,happy
25317,sadness
17595,happy
11332,sadness
13715,happy
8714,happy
5936,sadness
23154,sadness
2449,sadness
22071,sadness
9984,sadness
11833,happy
13819,happy
27484,sadness
24355,happy
16835,sadness
12591,sadness
10120,happy
27956,happy
8251,happy
13368,sadness
27140,happy
20937,happy
23489,happy
22002,happy
11681,happy
11516,happy
14133,happy
15868,sadness
10547,happy
23409,happy
6529,sadness
7808,happy
26600,sadness
25096,happy
11230,happy
28140,sadness
13985,happy
25282,sadness
27324,sadness
16192,sadness
7000,sadness
20232,sadness
26290,happy
3951,sadness
21486,happy
7573,happy
19620,sadness
9318,happy
8641,happy
8544,happy
20576,sadness
12426,happy
10157,sadness
21375,happy
5070,sadness
15274,happy
6696,happy
9932,happy
15183,sadness
8028,happy
456,happy
20964,sadness
17905,happy
12653,happy
14332,sadness
8923,sadness
15288,happy
5004,sadness
25,happy
18231,happy
12773,happy
13968,happy
12739,sadness
3752,happy
14102,happy
17747,happy
20425,happy
25240,sadness
17488,happy
17499,happy
14658,happy
7870,sadness
16327,sadness
139,sadness
18186,happy
22604,happy
10469,sadness
24198,happy
20175,sadness
25275,sadness
18805,sadness
20054,sadness
5183,happy
8911,happy
9180,happy
11049,sadness
28574,sadness
580,sadness
8886,sadness
19168,happy
3649,sadness
19851,sadness
25004,happy
13261,happy
22828,happy
25935,happy
27613,sadness
10176,sadness
24867,sadness
18165,happy
14280,happy
15508,sadness
24019,sadness
25364,sadness
9740,happy
12239,happy
2342,happy
21795,happy
4940,sadness
11122,happy
9517,sadness
14074,happy
14800,sadness
22335,sadness
23214,sadness
2576,sadness
20321,sadness
2197,happy
11989,happy
10425,sadness
28465,sadness
14472,happy
19367,sadness
23220,sadness
7430,sadness
14070,happy
14245,happy
9744,sadness
25407,sadness
19241,happy
19892,happy
14655,sadness
21406,happy
15479,happy
7579,sadness
13026,sadness
26903,sadness
3922,happy
11819,happy
23923,sadness
21691,happy
10140,happy
20784,sadness
9576,sadness
15589,happy
27283,happy
12725,happy
17977,sadness
23383,happy
24498,sadness
21344,happy
16699,happy
127,sadness
5744,happy
21527,happy
17079,sadness
11795,sadness
10283,happy
15067,happy
27143,happy
28337,happy
23088,happy
23279,happy
20909,sadness
17494,sadness
23779,sadness
5336,happy
16174,happy
17300,happy
4949,sadness
19493,happy
24773,sadness
27102,happy
9067,happy
2048,sadness
9197,happy
3385,happy
12246,sadness
14233,happy
8372,happy
24425,happy
23712,sadness
21006,happy
9332,happy
16820,sadness
14032,sadness
26797,happy
12686,sadness
26445,sadness
8418,happy
24222,sadness
623,happy
23374,sadness
15053,happy
24545,sadness
18782,happy
15877,happy
3271,happy
23573,happy
14275,happy
25951,sadness
13365,happy
21710,sadness
26406,happy
6330,happy
18320,sadness
20830,sadness
17202,happy
19946,sadness
16088,sadness
19459,sadness
22051,sadness
16443,happy
19285,sadness
6866,happy
20165,happy
19530,happy
25205,sadness
26837,sadness
24465,happy
9534,happy
23024,happy
12804,happy
14328,happy
28309,happy
19385,sadness
10829,sadness
20138,happy
22262,sadness
27185,sadness
3118,sadness
19616,happy
2658,sadness
14588,happy
6824,sadness
22639,sadness
14442,happy
26270,sadness
5892,sadness
27213,sadness
26249,happy
21426,happy
21529,happy
19409,sadness
21678,sadness
17518,sadness
10640,happy
16715,happy
25832,happy
15171,sadness
23380,happy
26558,sadness
3846,sadness
27513,happy
8217,sadness
21324,sadness
26011,happy
24319,sadness
8851,sadness
12438,happy
27417,happy
20323,sadness
20733,happy
24112,sadness
11351,sadness
26761,happy
12130,sadness
19827,happy
9917,happy
18308,happy
26870,happy
21469,happy
15939,happy
9042,happy
24524,happy
12103,happy
26383,happy
17326,happy
6640,sadness
27097,sadness
19449,happy
21177,happy
5581,sadness
27695,happy
17498,happy
2618,happy
25351,sadness
1943,sadness
12174,happy
11701,sadness
21162,happy
8012,happy
21760,happy
23359,sadness
20727,happy
25438,sadness
10400,happy
12387,happy
6646,sadness
8039,sadness
18316,happy
14109,happy
19646,happy
12057,sadness
11477,happy
22117,sadness
453,happy
24099,happy
13846,happy
752,sadness
21884,happy
13222,happy
25777,sadness
12590,happy
23897,happy
19568,happy
14038,happy
635,happy
26781,sadness
23853,sadness
23339,happy
10187,happy
18383,happy
16040,happy
11880,sadness
16004,sadness
2775,sadness
7317,sadness
13760,happy
13011,sadness
6706,happy
10713,sadness
22878,happy
6354,happy
14250,sadness
28118,sadness
17011,sadness
13127,sadness
10422,happy
18144,happy
7122,happy
23864,happy
10341,happy
24352,sadness
18843,happy
26888,happy
475,happy
23776,happy
28291,sadness
12220,happy
14809,sadness
27014,happy
7714,happy
14119,happy
19965,happy
21019,happy
3469,happy
20626,happy
9708,sadness
20125,happy
25259,happy
145,happy
24459,sadness
25675,sadness
27663,happy
28420,sadness
25961,sadness
28350,sadness
2187,sadness
26801,happy
3492,sadness
15228,happy
21303,happy
27402,happy
7564,happy
22728,happy
20850,happy
22120,happy
27121,sadness
25744,sadness
13051,happy
23580,happy
2679,sadness
18127,happy
11142,happy
20679,sadness
13473,happy
14345,sadness
17426,happy
19858,sadness
6539,sadness
9057,happy
13366,sadness
2698,sadness
366,happy
7763,happy
25839,happy
23073,sadness
27265,happy
26983,happy
11384,sadness
22778,sadness
24499,sadness
16407,happy
26007,happy
16393,happy
9063,happy
11207,happy
22343,happy
10089,happy
13575,sadness
16710,sadness
9492,sadness
21546,sadness
21713,happy
26769,happy
24386,sadness
234,sadness
18959,sadness
22495,sadness
1896,happy
13294,happy
4860,happy
9929,happy
17972,happy
1706,sadness
21966,happy
28272,sadness
3360,happy
21058,happy
2008,sadness
19952,happy
19578,happy
10383,sadness
20218,happy
14334,happy
26709,sadness
25395,sadness
15685,happy
8484,happy
6376,sadness
23013,happy
20749,sadness
26869,sadness
18454,happy
8479,happy
318,sadness
12757,sadness
13000,sadness
8753,happy
348,happy
24656,happy
24823,sadness
14533,sadness
16151,sadness
20735,happy
14618,happy
24786,sadness
408,sadness
20260,happy
13878,happy
24633,happy
16579,sadness
15365,sadness
16908,happy
24488,sadness
22401,happy
7018,happy
1751,happy
17306,sadness
19865,happy
22622,happy
13693,sadness
24776,happy
6868,sadness
20829,happy
26950,happy
18392,sadness
11799,happy
25257,happy
18711,happy
20176,happy
18255,happy
7563,sadness
21583,sadness
22011,happy
18820,sadness
23288,happy
26543,sadness
9904,happy
4603,sadness
162,happy
22364,happy
12260,happy
20558,sadness
23685,happy
20202,happy
15697,sadness
24173,sadness
16782,happy
9028,sadness
14833,happy
16849,happy
8226,happy
12868,sadness
22371,happy
8960,happy
13332,sadness
20322,happy
10632,happy
6047,sadness
24534,sadness
23710,sadness
24153,happy
7287,sadness
11662,sadness
24796,sadness
22032,sadness
2714,happy
23740,sadness
19002,sadness
18126,happy
12415,happy
18867,sadness
27436,happy
19817,happy
26230,happy
23979,sadness
4192,happy
23612,happy
15077,happy
23354,sadness
7685,happy
14048,sadness
23499,sadness
19206,happy
17539,happy
26593,happy
21513,happy
11254,happy
16799,happy
24055,happy
9447,happy
26830,happy
1724,happy
13977,happy
8686,sadness
20210,happy
21306,happy
8294,sadness
9841,sadness
11063,happy
19489,happy
21294,sadness
1598,sadness
23089,sadness
5882,sadness
16541,sadness
12861,happy
11091,happy
10871,happy
25658,happy
20780,sadness
15619,sadness
17406,happy
22566,sadness
23432,sadness
15397,happy
13454,happy
11726,sadness
27135,happy
25676,sadness
2249,sadness
15846,happy
21378,sadness
8026,sadness
17726,sadness
8480,happy
32,sadness
6978,happy
23807,happy
24219,sadness
17286,happy
20685,happy
3149,happy
21238,sadness
20502,happy
18406,happy
18076,sadness
21931,happy
26501,sadness
28290,happy
19096,happy
14625,happy
13412,sadness
23829,happy
1314,sadness
14343,sadness
1931,sadness
20151,sadness
26867,happy
22768,sadness
27220,sadness
339,sadness
13945,happy
19625,happy
22448,sadness
24382,happy
11046,happy
10670,happy
12318,happy
11520,sadness
17950,happy
23925,happy
26819,happy
5409,sadness
18666,happy
8572,happy
2815,sadness
19699,happy
19279,happy
6039,sadness
25159,happy
10561,sadness
25986,happy
927,happy
13907,happy
8093,happy
15319,happy
20906,sadness
24381,happy
25170,sadness
9625,sadness
9910,happy
9003,happy
20722,sadness
22569,happy
24891,happy
8395,happy
17068,happy
16749,sadness
23417,happy
28536,happy
22966,happy
19371,happy
19336,happy
16314,happy
24274,happy
22493,happy
28242,sadness
10083,happy
28090,happy
16532,happy
21291,happy
13766,sadness
1481,sadness
21481,happy
24986,sadness
14516,happy
27354,sadness
22057,sadness
14320,sadness
23711,happy
15203,sadness
18722,happy
22950,happy
16791,happy
24766,sadness
16203,sadness
12379,sadness
17556,sadness
10880,happy
18675,happy
12705,happy
4177,happy
19930,happy
18726,happy
14122,sadness
19514,sadness
8467,happy
26791,sadness
21266,happy
26201,happy
28171,sadness
24521,happy
10218,happy
25500,happy
11752,happy
25430,sadness
10514,happy
23789,happy
3477,happy
15640,happy
26222,sadness
27320,happy
4153,sadness
20488,sadness
25463,sadness
5862,sadness
16258,sadness
11897,happy
10502,happy
20040,sadness
11260,happy
21519,sadness
22631,happy
17740,sadness
8773,sadness
7741,happy
424,happy
1030,sadness
15024,happy
19487,sadness
10078,sadness
2530,sadness
25947,happy
25602,happy
24561,happy
21040,happy
4400,happy
458,happy
2671,sadness
23832,happy
12190,sadness
15507,happy
8584,sadness
24115,happy
20181,sadness
22865,happy
17545,happy
13361,happy
14491,sadness
18196,happy
12878,sadness
27848,happy
20401,happy
8106,happy
16511,happy
10665,sadness
21389,happy
7702,happy
15980,happy
14684,happy
17086,sadness
3762,sadness
11035,sadness
10231,sadness
18421,happy
13832,happy
21942,happy
22543,happy
12345,sadness
11838,happy
21194,sadness
17872,happy
27708,happy
20658,sadness
2966,sadness
8876,sadness
10153,happy
18549,sadness
8861,happy
21582,happy
13546,happy
22470,happy
8507,happy
20566,happy
2467,happy
16622,sadness
8821,happy
5689,sadness
26459,happy
16991,sadness
24997,happy
21518,happy
23016,sadness
19001,happy
27887,sadness
13818,sadness
7724,happy
23875,happy
14059,sadness
6541,happy
7569,happy
19366,sadness
23472,sadness
11800,sadness
18520,happy
7642,sadness
10537,happy
10546,sadness
10806,happy
3033,sadness
10432,happy
19592,sadness
21428,sadness
10860,happy
3062,sadness
8981,sadness
14285,happy
13346,happy
8908,sadness
13093,sadness
7467,happy
14729,happy
5798,sadness
24234,sadness
16957,happy
22829,happy
7940,happy
26205,happy
172,sadness
16368,sadness
20975,happy
17203,happy
14301,sadness
23518,happy
20362,sadness
16837,happy
25475,sadness
19862,sadness
5348,sadness
17080,sadness
28132,happy
26430,sadness
12818,sadness
26510,happy
16227,happy
24833,happy
20005,happy
2087,sadness
19148,happy
9086,happy
28409,happy
22870,happy
24367,happy
18847,happy
16595,happy
24860,sadness
26752,happy
6210,happy
8561,sadness
15875,happy
15243,happy
18537,sadness
24385,sadness
12346,sadness
15006,sadness
15269,happy
19062,happy
18349,sadness
24410,happy
14714,happy
13105,happy
20170,sadness
22618,happy
26591,happy
7532,sadness
25204,happy
5970,sadness
26071,happy
21036,sadness
27005,sadness
28688,sadness
10332,sadness
12197,sadness
19074,happy
9914,happy
18151,happy
18153,happy
9825,sadness
3769,happy
21425,happy
10735,sadness
7501,sadness
20155,happy
20966,happy
14700,happy
24144,happy
17136,happy
3463,sadness
8918,happy
21632,sadness
12065,sadness
8651,sadness
26855,happy
10428,happy
17686,happy
3317,happy
8449,happy
1364,happy
8242,happy
10844,sadness
24645,sadness
7743,happy
17003,sadness
8157,sadness
12956,happy
8756,happy
11073,sadness
13180,sadness
22866,happy
11621,sadness
18578,happy
10114,sadness
24436,sadness
10864,happy
25105,happy
11808,happy
25850,happy
27162,happy
6897,sadness
21115,happy
18872,happy
12558,happy
631,happy
25231,sadness
18244,happy
27038,happy
4505,sadness
10856,happy
17220,happy
23697,sadness
6964,sadness
14725,sadness
20315,happy
12916,happy
26371,happy
380,happy
22724,sadness
5903,sadness
28523,sadness
9794,happy
13073,happy
26128,happy
13156,happy
18925,happy
21185,happy
23575,happy
18424,sadness
8562,sadness
21738,happy
20219,happy
990,sadness
26995,happy
11835,happy
11957,happy
3125,happy
12164,happy
9469,happy
12550,sadness
14254,happy
839,sadness
21005,happy
10074,happy
24614,happy
19261,happy
12158,sadness
7269,sadness
20341,happy
11806,sadness
20072,happy
10637,happy
6128,happy
13873,happy
15460,sadness
1348,sadness
15516,sadness
27504,happy
9294,happy
18246,happy
14746,happy
20656,sadness
25368,sadness
7212,sadness
9542,happy
28396,happy
15477,happy
11909,sadness
25757,sadness
24610,sadness
20324,happy
7662,happy
18789,happy
2950,sadness
10794,sadness
23865,sadness
27596,sadness
5847,sadness
13373,sadness
5123,sadness
18090,happy
8551,sadness
11116,sadness
13060,sadness
11998,happy
12372,happy
22149,sadness
18503,happy
2609,sadness
6142,sadness
63,happy
8087,happy
18297,happy
11380,sadness
12301,sadness
25068,sadness
23567,sadness
22539,sadness
22323,happy
7619,sadness
426,sadness
7151,sadness
7782,happy
13583,sadness
17175,happy
24,sadness
10313,sadness
23572,happy
18414,happy
23001,sadness
8495,sadness
3403,sadness
2802,sadness
13570,happy
14749,happy
26339,sadness
10039,happy
14922,happy
10128,happy
7731,happy
21897,sadness
10870,happy
25644,happy
11192,happy
8879,sadness
4395,sadness
19282,sadness
10996,happy
24648,happy
14136,sadness
17356,sadness
15423,happy
7623,sadness
10648,happy
10416,sadness
17257,sadness
23451,happy
4281,happy
15606,sadness
1937,happy
13091,sadness
12306,happy
25184,sadness
12191,happy
16170,sadness
17542,happy
6324,sadness
17097,sadness
21198,sadness
6264,sadness
11330,happy
24866,sadness
4736,happy
22141,happy
6022,sadness
17098,happy
17953,sadness
25666,happy
8391,happy
21096,happy
16129,happy
27719,happy
9013,sadness
730,happy
7540,happy
7848,sadness
17748,sadness
25186,happy
12526,happy
14238,happy
21842,happy
12157,sadness
9322,happy
5261,sadness
19026,happy
13598,sadness
13444,happy
21892,happy
14823,sadness
14236,happy
14673,happy
910,sadness
12658,happy
9269,sadness
15964,happy
3339,sadness
4697,sadness
8322,sadness
28033,happy
14766,happy
23675,sadness
16426,happy
13641,sadness
27940,happy
9382,sadness
27517,sadness
25734,sadness
26641,sadness
284,happy
20445,happy
2964,happy
21450,happy
3618,sadness
27182,happy
688,sadness
13015,happy
2451,sadness
3495,happy
7044,happy
19772,happy
2690,happy
13385,sadness
1329,sadness
18955,happy
9280,sadness
9476,happy
12066,happy
18673,happy
18340,happy
10366,sadness
3885,sadness
15517,happy
28034,sadness
4874,happy
10919,happy
18906,sadness
14649,sadness
21414,sadness
19460,sadness
22831,happy
20469,sadness
25357,happy
17661,happy
14683,happy
19428,happy
18746,happy
14078,sadness
24577,happy
22736,happy
9875,happy
25232,happy
16347,sadness
22803,sadness
17014,sadness
21488,sadness
9158,happy
24596,happy
3316,sadness
23092,happy
27305,sadness
27953,happy
13637,happy
2459,sadness
15690,happy
16274,sadness
13406,happy
23430,happy
13027,sadness
9845,sadness
17684,happy
20440,sadness
11853,sadness
15528,sadness
6671,sadness
23723,happy
22546,happy
3019,sadness
24026,happy
20869,happy
26410,sadness
13812,happy
9974,sadness
7339,sadness
6312,sadness
26257,happy
22405,happy
14988,sadness
27629,sadness
8958,happy
11478,happy
22780,happy
14470,sadness
539,happy
13276,sadness
11939,sadness
14374,happy
9895,sadness
1031,happy
15420,sadness
15948,happy
7895,sadness
21534,happy
18011,sadness
13249,sadness
18600,happy
9328,sadness
17743,sadness
19006,sadness
27228,happy
5177,sadness
9426,happy
15710,happy
14795,happy
19821,sadness
14975,happy
24126,happy
3947,happy
10865,sadness
2546,sadness
22984,happy
28516,sadness
10248,happy
7556,sadness
800,sadness
18213,happy
14384,sadness
607,sadness
27739,happy
20122,happy
27401,sadness
6832,happy
17579,happy
12051,sadness
27643,happy
12297,happy
9172,sadness
1408,happy
16025,happy
10753,happy
7989,happy
21927,happy
14355,sadness
19274,sadness
17470,happy
27449,happy
19117,sadness
22225,happy
10225,happy
5841,sadness
18264,happy
14474,sadness
124,happy
626,happy
2339,sadness
21473,happy
9538,happy
17037,happy
12995,sadness
2138,sadness
6720,happy
11172,happy
8607,happy
204,happy
11720,happy
5975,sadness
10671,happy
12822,sadness
15884,happy
11640,happy
11703,sadness
22365,happy
20352,happy
12166,happy
511,happy
14134,sadness
24949,happy
11501,sadness
7806,sadness
12185,sadness
27460,happy
9652,happy
24442,happy
26415,happy
13630,happy
24732,happy
17680,sadness
11326,sadness
28138,happy
19695,happy
27227,happy
19015,sadness
19621,sadness
14090,happy
21829,happy
26716,sadness
8696,happy
20279,happy
15682,happy
28212,sadness
11012,sadness
142,sadness
6786,sadness
5569,sadness
13859,sadness
20716,happy
25578,happy
1921,sadness
21087,happy
15163,happy
5435,sadness
16876,happy
12614,happy
7705,sadness
7730,happy
232,happy
27179,happy
14836,happy
8913,happy
15992,happy
20240,sadness
3263,happy
6434,sadness
18045,sadness
12428,sadness
22271,sadness
27495,sadness
27357,happy
17675,happy
17219,happy
15326,sadness
1405,sadness
22594,happy
7850,sadness
10983,sadness
22256,happy
12324,sadness
67,happy
14785,sadness
20638,happy
23029,happy
27810,happy
3881,sadness
24879,happy
26242,happy
18442,happy
27175,happy
8304,sadness
12078,happy
13628,sadness
11489,happy
3910,happy
2365,sadness
9114,sadness
25568,sadness
16679,sadness
27204,happy
25087,sadness
26502,happy
9009,happy
18714,happy
3381,sadness
3508,sadness
12349,happy
11234,happy
17621,happy
22449,sadness
9545,happy
13674,happy
7179,sadness
27952,happy
27621,happy
11923,happy
21947,happy
4298,sadness
8307,sadness
13181,sadness
14014,happy
19035,happy
25251,happy
8129,happy
1139,happy
3205,sadness
15389,sadness
437,happy
26423,sadness
9588,sadness
6188,sadness
15453,happy
20994,happy
12790,sadness
13755,sadness
11826,sadness
22712,happy
23165,sadness
23933,happy
24416,happy
10447,happy
8552,sadness
5308,sadness
19861,sadness
3154,sadness
13906,sadness
20522,happy
2573,sadness
21127,happy
11088,happy
18944,happy
25470,happy
9255,happy
15792,sadness
12659,happy
16827,happy
23322,sadness
14757,happy
19775,happy
20347,happy
9246,happy
19339,happy
11792,sadness
7375,sadness
27197,sadness
10347,happy
22910,happy
15118,happy
21474,happy
11419,sadness
26748,sadness
17664,sadness
24079,happy
17784,happy
19826,sadness
6719,sadness
24618,sadness
23721,sadness
19426,happy
20032,happy
10229,happy
15891,happy
9819,sadness
641,happy
15867,happy
23115,happy
26511,happy
11620,happy
24150,happy
24183,happy
10454,sadness
23407,sadness
20667,happy
27078,sadness
16818,happy
20781,sadness
6544,sadness
4273,sadness
22413,sadness
18939,sadness
26959,sadness
12296,happy
18755,happy
549,sadness
16171,happy
13643,sadness
15561,happy
20809,sadness
8041,happy
25738,happy
11333,happy
20787,happy
24363,happy
5431,happy
18576,happy
21827,sadness
4005,sadness
25747,sadness
21769,sadness
17022,happy
3767,sadness
21837,sadness
19791,sadness
25617,sadness
23508,happy
11221,happy
27384,happy
14228,happy
98,sadness
13854,sadness
9928,happy
11080,sadness
21172,sadness
9944,happy
7603,sadness
8903,happy
24976,sadness
5137,happy
8490,happy
12944,sadness
9341,sadness
12902,sadness
13435,happy
5588,sadness
28307,sadness
2035,sadness
25080,happy
3328,sadness
21914,happy
20930,happy
8188,happy
1926,sadness
20772,sadness
17576,happy
11508,happy
28344,sadness
25067,happy
17588,happy
23210,happy
10610,happy
13762,sadness
8988,happy
7208,sadness
24864,happy
12734,sadness
10485,happy
8657,sadness
15371,sadness
12721,sadness
153,happy
4773,sadness
23110,happy
13120,happy
21592,happy
4315,sadness
23648,sadness
10876,happy
9338,sadness
7817,happy
14322,happy
14145,sadness
9139,sadness
12092,sadness
17682,happy
18886,happy
7566,sadness
8117,happy
14458,happy
14273,sadness
28249,happy
9448,happy
15349,happy
25873,happy
25972,happy
16688,sadness
18689,sadness
19679,sadness
19555,sadness
21524,happy
11851,happy
16683,happy
7436,sadness
18572,happy
23316,happy
27671,happy
125,happy
14475,happy
21996,sadness
7815,happy
14459,sadness
3418,sadness
4594,happy
9900,happy
26470,sadness
28,happy
6173,happy
9946,happy
22208,happy
7747,happy
8962,sadness
8758,happy
9111,sadness
8442,sadness
13888,sadness
9171,sadness
14996,sadness
16596,happy
12061,happy
25279,happy
24885,sadness
9903,happy
16542,happy
17432,happy
21297,happy
27585,sadness
20836,happy
28427,happy
15554,sadness
25420,happy
13749,happy
4909,sadness
13381,happy
9374,happy
13509,happy
13049,sadness
9284,happy
7058,happy
16762,happy
12521,happy
9986,sadness
24140,sadness
8649,sadness
28697,happy
21208,happy
7071,happy
25705,happy
26491,sadness
2748,sadness
19478,sadness
23075,happy
15927,sadness
17694,happy
16460,happy
14572,sadness
24628,happy
21540,sadness
19518,sadness
12286,happy
26832,happy
3390,happy
20002,happy
12447,happy
25672,happy
25753,sadness
21748,sadness
16665,happy
25936,happy
13848,happy
19933,happy
22589,happy
24588,happy
17711,happy
12077,happy
17482,sadness
8238,happy
20923,sadness
10685,happy
17604,happy
5494,sadness
23121,sadness
14065,sadness
20431,sadness
22925,sadness
28040,happy
26550,sadness
6563,happy
14350,sadness
10688,happy
3770,sadness
4164,happy
23671,happy
291,sadness
23934,sadness
14840,happy
11700,sadness
15382,happy
21677,sadness
9350,happy
23442,happy
13063,happy
27246,happy
10574,happy
17237,sadness
23670,happy
21602,happy
16994,happy
19393,happy
26731,happy
9326,sadness
8652,sadness
1144,sadness
22112,happy
18952,happy
28597,happy
14718,sadness
866,happy
22544,sadness
14656,happy
19069,happy
11162,happy
14693,happy
1494,sadness
6659,sadness
18951,sadness
15159,happy
11790,happy
21456,happy
20428,happy
12837,sadness
16438,happy
14734,happy
13761,sadness
1580,sadness
3141,sadness
16951,happy
20307,sadness
187,happy
17128,sadness
4112,happy
10752,happy
22454,happy
3611,sadness
22608,happy
22021,happy
3126,sadness
24045,happy
16549,sadness
22301,happy
17229,happy
21961,sadness
26676,happy
11766,happy
309,happy
22541,happy
19383,happy
19728,happy
9033,happy
20235,happy
7252,happy
19700,happy
23621,sadness
20529,happy
21339,sadness
8864,happy
24999,sadness
17130,sadness
16154,happy
14581,sadness
6628,sadness
25142,happy
19716,happy
20481,sadness
1356,sadness
628,happy
20380,sadness
8896,sadness
10070,sadness
24728,happy
22115,sadness
9112,sadness
7615,happy
26621,happy
9279,sadness
9214,sadness
18698,happy
19760,happy
8316,happy
18051,happy
822,sadness
1713,happy
27645,happy
27389,sadness
26940,sadness
24670,sadness
14340,happy
16136,sadness
17525,sadness
4528,sadness
25135,happy
16357,happy
26632,sadness
24550,happy
8847,happy
27716,happy
23010,happy
8437,sadness
23298,happy
20523,happy
20631,sadness
213,happy
7095,sadness
25505,happy
14600,sadness
16729,happy
14222,sadness
23827,happy
10765,sadness
8461,sadness
14155,sadness
8709,happy
25567,happy
11874,happy
1138,happy
20039,happy
25252,sadness
23901,happy
10164,sadness
16108,happy
15058,sadness
9766,happy
26532,sadness
13571,sadness
27349,happy
18225,happy
21617,happy
447,sadness
306,happy
25588,sadness
25356,sadness
18929,happy
16495,happy
13883,happy
14743,happy
478,happy
13655,happy
19172,happy
22219,sadness
12295,sadness
4000,happy
16126,sadness
10724,happy
18681,sadness
19940,happy
6856,sadness
8658,sadness
27271,happy
28474,sadness
25398,happy
26105,sadness
19461,sadness
15758,sadness
16315,happy
24951,happy
14488,sadness
7666,happy
19894,happy
28415,happy
22093,sadness
19510,sadness
8853,happy
21412,happy
14449,sadness
27083,happy
6673,happy
10478,sadness
24652,happy
14388,sadness
17612,happy
25337,happy
28253,sadness
17692,happy
13558,happy
17620,sadness
11504,happy
54,happy
13423,sadness
104,happy
9800,sadness
10081,happy
10691,happy
15169,sadness
19037,happy
17623,happy
899,happy
3741,sadness
14972,happy
16949,sadness
22487,happy
28615,sadness
13618,happy
18457,happy
11722,happy
9160,happy
19315,happy
25285,happy
11697,happy
12830,happy
13490,sadness
24918,sadness
19191,happy
15648,happy
8828,happy
22591,sadness
11081,sadness
28043,sadness
11761,sadness
20661,sadness
22836,sadness
24102,happy
15616,happy
12581,happy
24100,happy
2313,sadness
15447,sadness
25127,sadness
27580,happy
2676,sadness
1331,sadness
15558,happy
24530,happy
10480,happy
13765,happy
26578,happy
25963,sadness
19842,happy
7923,happy
13774,happy
8524,happy
21566,sadness
15940,sadness
17807,happy
6904,sadness
8613,happy
27552,happy
21883,happy
28426,happy
22210,happy
25469,happy
19652,happy
20012,happy
26535,happy
12193,happy
11595,happy
24522,happy
9078,happy
8148,happy
24582,sadness
25476,happy
1532,sadness
22044,happy
13704,sadness
4261,happy
23335,happy
13984,happy
1923,sadness
14522,happy
24384,sadness
20657,happy
25932,happy
12791,sadness
8397,happy
23439,happy
10141,sadness
6170,sadness
16612,happy
17117,happy
10578,happy
17360,happy
22067,sadness
11287,sadness
20228,happy
6485,sadness
26668,happy
4534,sadness
21521,happy
2777,sadness
19718,happy
18783,happy
24304,sadness
23938,happy
14364,sadness
19049,happy
25819,happy
13040,happy
296,happy
15154,sadness
15624,happy
11238,sadness
23132,happy
27959,happy
25277,happy
27501,happy
9001,sadness
2912,happy
23788,sadness
14405,happy
2944,sadness
11048,sadness
21612,happy
20583,happy
6922,happy
23429,happy
27073,sadness
12775,happy
18853,happy
13718,happy
25063,sadness
8276,happy
5534,sadness
26529,sadness
23438,sadness
20887,sadness
27056,sadness
21356,sadness
11702,happy
16550,happy
16795,happy
11495,happy
20348,happy
16042,happy
27788,happy
21773,happy
28508,happy
24142,happy
14940,happy
24519,sadness
17346,happy
15866,sadness
23978,happy
13625,sadness
28367,sadness
20309,sadness
16808,happy
19451,sadness
19610,sadness
11398,sadness
17447,happy
27256,sadness
9268,happy
19246,happy
16372,happy
26220,sadness
8205,happy
23269,happy
10471,sadness
19265,sadness
4032,sadness
9487,happy
15983,sadness
12599,happy
21255,happy
26878,happy
17521,sadness
26943,sadness
9407,happy
28696,sadness
17617,happy
20326,happy
25445,sadness
27116,happy
19044,sadness
2538,sadness
26258,happy
8339,happy
18027,happy
5380,happy
15338,happy
14593,happy
22099,sadness
25943,happy
28255,happy
23510,happy
23699,happy
25465,sadness
11402,sadness
9169,happy
24251,sadness
4237,happy
390,sadness
13990,happy
24947,sadness
15073,happy
10179,sadness
9166,happy
27420,sadness
7039,sadness
9706,happy
9959,happy
4230,sadness
166,happy
4872,sadness
6464,sadness
22040,happy
21467,sadness
16035,happy
11149,sadness
20919,happy
9147,happy
19934,sadness
7310,happy
26638,happy
19558,happy
23105,happy
28220,happy
17380,happy
10888,sadness
25380,happy
18342,happy
25694,happy
25141,sadness
2892,happy
24305,sadness
11658,happy
22003,sadness
20196,happy
7301,happy
12892,sadness
27322,happy
10094,sadness
11026,sadness
11273,happy
18187,happy
21702,happy
27873,sadness
14086,happy
13115,happy
27399,sadness
18550,sadness
21134,happy
21980,sadness
8174,happy
8639,sadness
19377,happy
3394,sadness
24301,happy
16703,happy
844,sadness
15660,happy
2751,sadness
2457,sadness
2607,sadness
14888,happy
26579,happy
7664,happy
24340,sadness
17489,sadness
25217,sadness
20645,happy
15165,happy
17115,happy
25650,happy
13925,happy
7945,happy
21627,sadness
23905,happy
8543,happy
7878,sadness
12406,happy
1609,sadness
19764,sadness
8317,sadness
20910,happy
13645,happy
20908,happy
15232,happy
9599,happy
19467,happy
285,happy
20607,sadness
28638,happy
15071,happy
6762,happy
9372,happy
9267,sadness
14193,happy
24590,happy
14130,sadness
23391,happy
18266,sadness
15448,happy
19659,happy
25366,sadness
23581,happy
451,sadness
18907,sadness
26238,happy
20418,happy
27079,sadness
15097,happy
21182,sadness
19823,sadness
20487,sadness
11822,happy
17144,happy
26865,happy
9643,happy
13479,sadness
7264,sadness
23952,happy
27675,happy
25225,happy
3237,sadness
22522,happy
23238,happy
8855,happy
10703,sadness
22150,happy
17126,sadness
9274,sadness
8029,happy
22730,sadness
23496,sadness
11746,sadness
2828,happy
19320,sadness
19118,sadness
16465,happy
19363,happy
17625,sadness
5994,happy
18962,sadness
15455,happy
11191,happy
13459,sadness
28241,sadness
21048,happy
22302,happy
11159,sadness
8095,happy
8430,sadness
25510,sadness
24580,sadness
14523,happy
13526,happy
23947,happy
20674,sadness
11336,sadness
22111,happy
15512,happy
12899,happy
15661,sadness
27373,happy
9051,sadness
1125,happy
640,sadness
18448,happy
18206,happy
11854,sadness
6816,sadness
27148,happy
27082,happy
23999,sadness
10650,happy
27371,happy
14782,happy
20333,happy
17375,happy
19818,happy
12153,sadness
8475,happy
8261,happy
2675,happy
8943,happy
26472,happy
15009,happy
11683,happy
430,sadness
19968,happy
10720,happy
15832,sadness
9719,sadness
15076,happy
18807,sadness
19372,sadness
26841,happy
20351,sadness
10488,sadness
28276,happy
23542,happy
13885,sadness
17968,sadness
27993,sadness
4864,sadness
22614,happy
17658,happy
27347,sadness
23018,happy
16859,sadness
15753,happy
27294,happy
25827,sadness
7475,sadness
14569,happy
20580,happy
19529,happy
12221,happy
18676,happy
19580,sadness
27111,happy
8122,happy
26460,happy
24354,happy
22963,happy
24204,sadness
15158,happy
20258,happy
10436,sadness
4804,sadness
5787,happy
22693,happy
22468,happy
24752,happy
15857,happy
8632,happy
21075,happy
12207,happy
17224,happy
23965,sadness
17778,sadness
3804,happy
26113,happy
21242,happy
23852,happy
27104,happy
4292,sadness
12209,sadness
15211,sadness
20087,happy
10351,happy
15908,happy
14465,sadness
14995,happy
24881,happy
19163,happy
1188,happy
19218,happy
13659,happy
7961,sadness
25448,sadness
10793,sadness
17419,sadness
13563,happy
195,sadness
26150,sadness
27167,happy
12323,sadness
19271,happy
25408,sadness
1173,sadness
13129,happy
25748,happy
21034,happy
26746,happy
27854,happy
17093,sadness
9833,happy
7163,sadness
26563,sadness
27797,happy
14283,sadness
23895,happy
15035,happy
7105,happy
8434,happy
18143,happy
12478,happy
27856,happy
16551,happy
20365,happy
12729,sadness
24085,sadness
10587,happy
13639,sadness
22796,sadness
14031,sadness
4418,sadness
14561,happy
1153,sadness
19182,sadness
18040,sadness
25006,happy
16010,sadness
25212,happy
7479,sadness
23889,happy
13802,happy
22596,happy
15484,happy
24927,happy
14192,sadness
3724,sadness
12912,sadness
24529,sadness
16943,sadness
21124,sadness
770,happy
16491,happy
27714,happy
8383,sadness
20399,happy
27236,sadness
11974,sadness
19792,sadness
27403,sadness
22119,happy
4647,sadness
16164,sadness
15653,sadness
26810,sadness
21290,sadness
20466,sadness
16246,sadness
15429,sadness
3882,sadness
20596,happy
2569,sadness
19914,happy
14025,happy
17331,happy
12040,sadness
24233,sadness
24135,sadness
9647,happy
9238,happy
19025,sadness
12030,sadness
27786,sadness
14633,happy
9653,happy
23449,happy
28502,happy
23908,happy
24859,happy
27043,sadness
18289,happy
637,happy
19600,happy
27452,happy
15883,sadness
16311,sadness
11500,happy
25325,sadness
10697,happy
17580,happy
8974,happy
6521,sadness
12449,happy
17948,happy
19457,sadness
13538,sadness
16863,sadness
5101,happy
8287,sadness
27665,sadness
13219,sadness
24308,sadness
24068,happy
24783,happy
9015,happy
9155,happy
23241,happy
16275,happy
27263,sadness
9639,sadness
15803,happy
9123,happy
8101,sadness
4795,happy
9278,happy
4771,happy
20828,sadness
28477,happy
19407,sadness
2077,sadness
19443,sadness
8390,sadness
16013,sadness
17871,sadness
21395,sadness
14200,happy
24390,sadness
15406,happy
14839,sadness
18188,happy
12600,happy
18683,happy
22823,happy
19927,happy
10311,sadness
25414,happy
27487,happy
27212,happy
17142,happy
16411,happy
24746,happy
21772,sadness
10276,happy
8504,happy
16505,happy
12041,sadness
27258,sadness
18483,happy
10059,sadness
10193,sadness
23786,happy
14546,happy
16706,sadness
26479,happy
24953,sadness
24440,happy
13494,sadness
21552,sadness
371,happy
20128,happy
16896,happy
24454,happy
18505,happy
8,happy
14662,happy
22194,sadness
11085,happy
7959,happy
21815,happy
14948,happy
2175,sadness
26753,happy
19706,sadness
20861,sadness
17010,sadness
14962,sadness
26352,sadness
9516,happy
8082,happy
14582,happy
7827,sadness
24310,happy
19657,happy
11533,happy
24957,sadness
315,happy
18728,sadness
20981,sadness
6,sadness
15294,sadness
17770,happy
27303,sadness
5108,happy
25377,happy
25759,happy
9138,sadness
18367,sadness
15240,happy
27507,sadness
24563,happy
1604,sadness
3206,happy
10675,sadness
4484,happy
5166,sadness
24043,happy
15475,sadness
13716,sadness
22014,happy
17666,sadness
27433,sadness
16242,sadness
12690,happy
28069,sadness
14271,sadness
21590,happy
18286,sadness
8473,happy
20371,happy
24750,happy
20379,happy
28262,happy
8121,happy
13183,sadness
23856,happy
14251,sadness
7173,happy
1633,sadness
26477,happy
1208,sadness
6644,sadness
14191,happy
21746,happy
18102,sadness
10621,happy
11409,sadness
22104,happy
20390,happy
10525,happy
18987,sadness
14566,sadness
15018,happy
12172,happy
20945,happy
28608,sadness
28021,sadness
14880,happy
14654,happy
8222,happy
18692,sadness
21052,happy
3075,sadness
2983,sadness
15858,happy
26604,happy
9618,happy
23452,sadness
25286,sadness
2587,sadness
25342,happy
15411,sadness
8298,happy
9921,happy
20286,happy
11554,happy
2840,happy
27528,happy
9454,sadness
21080,happy
15782,happy
4143,sadness
7460,sadness
25049,happy
14055,sadness
4238,sadness
15621,happy
9935,happy
4210,sadness
41,sadness
18975,happy
1851,sadness
16366,sadness
28108,sadness
21305,happy
9445,happy
26203,sadness
8806,sadness
15185,happy
24933,happy
8235,sadness
15249,happy
16839,happy
8831,happy
14963,happy
22511,sadness
28174,sadness
18452,sadness
14568,happy
20519,happy
6374,happy
15744,happy
16663,sadness
4379,sadness
10807,happy
27180,happy
20838,happy
28273,happy
21180,sadness
23909,sadness
17615,happy
26644,happy
24526,happy
10293,sadness
20704,sadness
12857,sadness
3823,happy
25073,sadness
18541,sadness
26633,sadness
26766,sadness
24346,happy
8793,happy
19033,sadness
8403,sadness
9912,happy
7561,happy
9635,happy
26953,happy
13505,sadness
7157,sadness
11583,sadness
20946,happy
5016,sadness
18961,sadness
10468,happy
19880,sadness
10449,happy
4267,sadness
20013,happy
18410,happy
17882,happy
26079,sadness
15613,sadness
7518,happy
13226,happy
4389,happy
18540,happy
16184,happy
6222,sadness
14084,sadness
18245,happy
17648,happy
58,sadness
10641,happy
12982,happy
6984,sadness
18110,sadness
23552,sadness
17215,happy
18124,sadness
2101,happy
7723,happy
25982,happy
14892,happy
27446,happy
1772,sadness
15095,happy
9605,sadness
15789,sadness
22524,happy
24066,sadness
696,sadness
15577,sadness
26006,happy
16592,sadness
17657,happy
1263,happy
27862,happy
25837,happy
26934,happy
26624,happy
11650,happy
12121,happy
3972,sadness
196,happy
13076,happy
5217,sadness
23175,sadness
26660,happy
8447,sadness
26231,sadness
26276,sadness
16573,happy
1686,sadness
23657,sadness
27948,sadness
21788,happy
19192,happy
2261,sadness
19447,happy
2508,happy
11183,happy
26872,happy
27784,happy
5600,happy
13074,sadness
20378,happy
20766,sadness
17962,happy
14226,sadness
18018,sadness
1526,happy
26963,happy
13901,happy
24109,happy
13877,happy
24334,happy
28657,sadness
19505,happy
20807,happy
24336,sadness
11666,sadness
9222,happy
14160,sadness
20429,happy
2879,sadness
28581,happy
20971,happy
24910,happy
22738,happy
5228,happy
7084,sadness
7268,sadness
8723,happy
3059,happy
23541,happy
23850,happy
9709,sadness
15831,happy
17275,happy
25477,happy
25076,happy
19885,happy
15415,happy
7986,happy
13560,sadness
20080,sadness
15590,sadness
13867,happy
11996,sadness
15541,happy
8510,happy
9151,sadness
10344,happy
13053,happy
17914,sadness
28375,sadness
25726,sadness
8996,happy
9739,sadness
25056,happy
26856,happy
21757,happy
26673,sadness
6137,happy
14884,happy
20173,happy
21535,sadness
12668,happy
17389,happy
14933,happy
15748,happy
6212,sadness
22220,happy
21340,happy
18723,happy
14441,sadness
16293,happy
19370,happy
13089,happy
12269,happy
11031,sadness
18752,happy
5480,sadness
20958,happy
21957,sadness
10995,happy
8376,happy
22716,happy
12327,happy
19597,happy
21657,sadness
27036,happy
18655,happy
17867,happy
1353,sadness
10540,sadness
2989,happy
16975,sadness
21237,sadness
26642,happy
26497,happy
16081,happy
3893,sadness
14277,happy
23960,happy
2555,sadness
25487,sadness
23168,sadness
28200,sadness
2565,sadness
17029,sadness
22934,happy
21482,sadness
17690,sadness
14349,happy
13574,happy
28073,sadness
14321,sadness
3491,sadness
23868,happy
12964,happy
26991,happy
86,sadness
14932,sadness
1846,sadness
11079,happy
3078,sadness
22384,happy
19864,sadness
21209,sadness
13448,sadness
8476,happy
10272,sadness
28424,sadness
26743,happy
14510,happy
8164,sadness
20208,sadness
18086,happy
13228,happy
13388,sadness
20731,happy
18016,happy
24303,happy
26328,happy
24029,happy
15815,happy
2256,sadness
8138,happy
14161,sadness
10730,happy
6748,happy
22412,happy
12024,happy
20221,happy
24027,happy
23619,happy
23958,happy
7473,sadness
17232,happy
17109,sadness
15711,happy
27561,happy
16008,happy
19812,sadness
22490,happy
14169,happy
18930,happy
24241,sadness
23599,sadness
27634,sadness
15092,sadness
25656,happy
27171,happy
27226,happy
4705,sadness
3337,sadness
14319,happy
25429,happy
10398,sadness
21831,happy
11885,happy
22445,happy
22463,happy
9687,happy
23271,happy
21439,sadness
15432,sadness
9125,happy
27601,sadness
17970,happy
13012,happy
16496,happy
25565,happy
24845,happy
23139,sadness
10477,happy
5776,happy
22903,happy
5262,sadness
13516,sadness
16072,happy
26064,happy
4614,sadness
22808,sadness
25385,happy
17753,happy
3342,sadness
15522,happy
3567,happy
26110,sadness
20762,happy
11355,happy
19312,sadness
13998,happy
24973,happy
13175,happy
21147,happy
22936,sadness
11473,sadness
17908,sadness
808,sadness
22353,sadness
9298,happy
17924,happy
22444,happy
20503,sadness
24663,happy
831,happy
8857,happy
13697,sadness
3437,sadness
26060,happy
23135,happy
7783,happy
13911,sadness
24805,happy
8604,sadness
21364,sadness
4129,happy
19125,happy
26616,happy
16022,happy
20114,happy
26346,happy
21059,sadness
19414,sadness
16063,happy
18300,sadness
5083,sadness
13741,happy
12141,happy
22395,sadness
10877,sadness
27647,sadness
17480,happy
18493,happy
27603,happy
1067,sadness
9073,sadness
17030,happy
7993,sadness
27506,sadness
17089,happy
14765,happy
21236,happy
14006,happy
21312,happy
26849,happy
27851,happy
25987,happy
23070,happy
15402,sadness
23836,happy
21819,sadness
417,sadness
22792,sadness
24057,sadness
14843,happy
11596,happy
3773,sadness
27089,happy
9855,happy
19036,happy
12512,sadness
10722,happy
17455,happy
11340,sadness
1812,sadness
13387,happy
28684,happy
27783,happy
8335,happy
19943,happy
8265,happy
10386,sadness
19748,happy
28105,happy
24592,happy
26567,happy
23855,sadness
12571,happy
14682,sadness
17078,sadness
27035,sadness
10297,happy
10681,happy
24394,happy
14360,happy
6858,sadness
7762,happy
24263,sadness
22687,happy
21228,happy
8033,happy
12444,sadness
19205,sadness
5185,happy
13138,happy
19382,sadness
24724,sadness
18323,happy
3326,happy
3357,happy
10145,happy
13564,happy
27522,happy
26982,happy
9385,happy
28191,sadness
11357,sadness
24052,sadness
10106,happy
12464,sadness
12717,happy
15409,happy
10453,sadness
14896,happy
7555,happy
6657,happy
3692,happy
10769,happy
22996,happy
7706,happy
26098,happy
3365,happy
26609,happy
18547,sadness
25164,happy
1991,happy
15054,happy
4851,sadness
10368,happy
19,sadness
16131,happy
20551,sadness
25456,happy
26080,happy
10892,happy
26140,happy
23424,sadness
24658,happy
13143,happy
21539,sadness
16974,sadness
17242,happy
18453,sadness
16488,happy
1463,sadness
21379,happy
3352,sadness
27392,sadness
22744,sadness
22406,sadness
26608,happy
27160,happy
28194,happy
17184,sadness
11515,happy
7671,happy
19109,sadness
16658,happy
22052,sadness
27260,sadness
23020,sadness
11131,sadness
13726,sadness
13317,happy
19856,sadness
27905,sadness
9286,happy
9810,sadness
13578,happy
18361,sadness
12545,happy
22838,happy
10757,sadness
27345,sadness
27032,happy
10639,sadness
3420,sadness
444,happy
11866,happy
7742,sadness
27913,sadness
214,happy
14425,happy
2496,happy
20107,sadness
12378,sadness
12943,sadness
19160,happy
20430,happy
19210,happy
5995,happy
17094,sadness
19919,happy
9165,happy
3039,happy
11562,happy
20965,sadness
5755,happy
5676,happy
11280,sadness
23163,happy
10828,sadness
6542,sadness
8529,happy
23736,happy
28622,happy
5257,sadness
13370,sadness
22757,sadness
12839,sadness
14997,happy
9459,happy
12344,happy
28413,happy
18428,happy
20334,happy
17221,happy
18066,happy
25091,happy
4611,happy
18494,sadness
25985,sadness
2590,happy
28369,sadness
12593,sadness
17554,happy
5504,happy
21649,sadness
13396,happy
6149,sadness
18400,happy
13383,sadness
28589,sadness
27578,sadness
1010,sadness
21158,sadness
4425,sadness
28159,happy
28363,sadness
27727,sadness
25413,happy
13469,happy
11597,happy
19219,happy
24038,sadness
24718,happy
16066,sadness
12001,happy
9750,sadness
12122,happy
22911,sadness
11033,happy
18173,sadness
24353,sadness
13343,happy
16636,happy
18831,happy
141,happy
19869,happy
25211,sadness
28583,happy
12904,happy
11074,happy
20111,happy
364,happy
22844,happy
16444,sadness
15704,happy
19997,happy
9812,happy
15913,happy
4761,sadness
22922,happy
12847,sadness
22568,happy
16567,happy
561,happy
14764,happy
15878,sadness
19535,happy
7616,happy
14517,sadness
16635,happy
27045,sadness
17333,happy
22276,sadness
16752,sadness
27426,sadness
2248,sadness
23453,happy
28133,happy
16458,happy
4941,sadness
8097,happy
27836,sadness
27608,happy
20527,happy
12152,happy
16139,sadness
5642,sadness
23211,sadness
19400,happy
27203,happy
10784,happy
19731,sadness
27718,sadness
9689,happy
24510,happy
19215,happy
15515,happy
15205,happy
2007,sadness
25920,sadness
7901,happy
16160,happy
25059,sadness
18477,happy
13725,happy
22110,happy
18351,sadness
14336,sadness
12604,happy
19710,happy
12337,sadness
4729,happy
23971,happy
23054,sadness
2780,happy
9531,sadness
12708,happy
2916,sadness
8691,sadness
28355,sadness
22450,happy
28099,sadness
24294,sadness
532,sadness
16697,happy
16760,sadness
18518,sadness
20921,happy
21077,happy
28466,sadness
17966,happy
27693,happy
13663,happy
6073,happy
18826,sadness
231,sadness
11778,sadness
28362,sadness
20865,happy
13841,happy
5789,sadness
28376,sadness
28143,happy
22689,happy
18101,sadness
27184,happy
8885,happy
22565,happy
23101,sadness
5666,happy
26675,happy
27155,happy
10635,happy
14281,sadness
27865,happy
14737,sadness
17361,sadness
12351,happy
15812,happy
9154,sadness
24861,happy
19144,sadness
7813,happy
12887,happy
27333,happy
4045,sadness
1531,sadness
6147,happy
8740,happy
18933,happy
24139,sadness
27432,sadness
25494,sadness
5150,sadness
21937,happy
422,sadness
25444,sadness
25830,sadness
6481,happy
14771,sadness
1563,happy
21610,happy
12617,happy
9547,happy
7602,sadness
15523,sadness
24983,happy
24450,happy
15737,happy
12636,happy
5071,sadness
18756,happy
11857,happy
1461,happy
17597,sadness
7547,sadness
14556,happy
20393,sadness
23728,sadness
28512,happy
25310,sadness
13065,sadness
23667,happy
16106,happy
21810,sadness
15966,sadness
12085,happy
21460,happy
27694,happy
18345,sadness
154,sadness
16597,happy
27628,sadness
27030,sadness
7037,sadness
386,happy
19875,happy
531,sadness
15853,happy
27468,sadness
26424,sadness
17763,sadness
9174,happy
8086,happy
103,happy
23435,happy
10891,sadness
24009,happy
26581,sadness
4373,sadness
15189,sadness
14871,happy
2499,sadness
7692,happy
13333,sadness
19197,sadness
17032,sadness
26375,happy
16,sadness
24602,happy
25981,happy
14227,happy
17240,happy
15560,sadness
28274,happy
27480,happy
15419,happy
17728,happy
18324,happy
1648,happy
24906,happy
20501,happy
8662,happy
11439,happy
14397,sadness
11733,happy
27161,happy
25501,happy
17827,happy
13477,sadness
11549,sadness
21313,happy
13631,happy
13562,sadness
9636,happy
3548,happy
9967,sadness
16935,happy
15346,sadness
27779,happy
23471,happy
15784,happy
2838,happy
11614,happy
4233,sadness
25454,sadness
16306,happy
27215,sadness
23630,happy
7676,happy
22761,happy
18842,happy
16504,sadness
21336,happy
15551,sadness
27607,happy
20655,sadness
8098,sadness
10171,happy
24249,sadness
18710,happy
27547,happy
223,sadness
7407,sadness
10066,happy
10903,happy
13600,sadness
8659,sadness
24636,happy
16239,happy
11068,happy
23042,sadness
24275,happy
17757,happy
8914,happy
18498,happy
26831,happy
4684,sadness
7373,happy
21385,happy
9790,happy
28437,sadness
27539,sadness
20248,happy
24417,sadness
23136,happy
22056,happy
23969,happy
27755,happy
26147,happy
4914,happy
9713,sadness
13404,sadness
9899,happy
21671,sadness
28085,happy
17281,sadness
28500,sadness
7978,happy
23290,happy
28656,happy
24162,sadness
24073,happy
26287,happy
12114,happy
25869,happy
25714,happy
26093,sadness
27241,happy
20395,sadness
26909,happy
23726,happy
8303,happy
26806,sadness
5710,sadness
9497,sadness
7546,sadness
5057,sadness
14553,happy
20490,happy
17462,happy
10280,sadness
22790,happy
7567,sadness
14054,happy
27198,sadness
14157,happy
23936,sadness
16631,sadness
24536,happy
14399,happy
24487,happy
17381,happy
14097,sadness
20397,sadness
8470,happy
22510,sadness
24889,happy
20792,happy
21647,happy
19588,happy
16279,happy
17523,sadness
26836,happy
15428,sadness
10050,happy
26672,happy
24917,sadness
11785,happy
12728,sadness
11582,sadness
19421,happy
9347,happy
15776,sadness
26398,happy
15298,happy
21274,sadness
5224,sadness
16334,happy
4662,sadness
5229,happy
21267,happy
13272,happy
26646,sadness
12462,sadness
13229,happy
20914,sadness
11313,sadness
19981,happy
7710,sadness
21709,happy
12926,happy
22290,happy
16905,sadness
11507,happy
13584,happy
27757,happy
618,happy
4555,sadness
6087,happy
11990,sadness
25933,happy
27368,happy
8191,happy
21419,sadness
20460,happy
16150,happy
16840,sadness
8941,happy
21348,happy
10224,sadness
15026,sadness
16356,sadness
19164,sadness
10424,happy
13947,sadness
16900,happy
11356,happy
16938,sadness
25769,happy
23763,happy
19250,sadness
8693,happy
24570,sadness
8455,happy
14262,happy
21783,happy
19573,sadness
26815,happy
16086,happy
9603,happy
24583,sadness
11509,sadness
18852,sadness
13515,happy
11502,happy
7907,sadness
26521,sadness
10555,happy
10331,happy
26977,sadness
20613,happy
20046,happy
15212,happy
11793,happy
8953,sadness
26890,happy
385,happy
18514,happy
12730,happy
24199,happy
26506,happy
23426,happy
16157,happy
23862,happy
28665,happy
27878,happy
10353,sadness
13316,happy
16245,happy
9775,sadness
17194,happy
17789,happy
22574,happy
21963,sadness
22189,sadness
23342,happy
21053,happy
12437,happy
19565,sadness
26260,happy
9455,happy
12562,happy
14040,sadness
8355,happy
24665,happy
21201,happy
16832,sadness
14879,happy
13972,happy
19524,happy
19945,happy
9705,sadness
11040,sadness
26503,happy
24540,happy
27681,sadness
16200,sadness
10405,happy
19542,sadness
19771,sadness
6007,sadness
24560,happy
343,sadness
12625,sadness
16272,happy
25553,sadness
24572,happy
10289,sadness
23681,happy
18677,happy
562,sadness
5398,sadness
26670,happy
19139,happy
19783,happy
1420,sadness
18950,sadness
22819,happy
13793,sadness
17112,sadness
17430,sadness
26976,happy
20599,happy
24559,happy
7511,sadness
9486,happy
15299,sadness
18061,happy
3031,sadness
20304,happy
8722,happy
13929,happy
21302,sadness
22764,sadness
13137,sadness
19768,happy
11210,sadness
11209,happy
7948,happy
24129,happy
18895,sadness
334,happy
12267,sadness
7659,sadness
17804,happy
14502,sadness
26297,sadness
8417,sadness
19068,happy
19353,happy
10035,happy
24236,sadness
3450,happy
25281,sadness
20330,happy
21149,happy
7877,sadness
14318,happy
10515,sadness
13178,sadness
19063,sadness
17982,sadness
21039,happy
6798,sadness
27343,sadness
4447,sadness
8477,happy
17671,sadness
14433,happy
22817,sadness
5629,happy
6307,sadness
3028,happy
22592,sadness
28008,happy
27869,happy
12217,happy
10000,happy
15658,happy
28169,sadness
13234,sadness
11399,sadness
28157,happy
15787,happy
27625,happy
10997,happy
13461,happy
18662,happy
2485,sadness
28074,sadness
18488,sadness
16562,happy
24007,sadness
13764,sadness
27259,happy
17803,happy
2552,happy
24492,sadness
25236,sadness
21935,happy
10590,happy
82,happy
19137,sadness
20000,happy
17268,happy
23341,sadness
9413,happy
18047,sadness
17996,happy
11242,happy
17655,happy
23476,happy
24784,sadness
14759,sadness
5115,happy
22989,sadness
11284,sadness
2372,happy
20468,happy
14198,sadness
11144,happy
20552,happy
2582,sadness
23687,sadness
16135,happy
26873,happy
23063,happy
8836,happy
7647,happy
8044,sadness
27118,happy
616,sadness
18701,sadness
15476,sadness
7119,sadness
18623,happy
27661,happy
11966,happy
21133,sadness
19082,sadness
7713,happy
8260,happy
9837,happy
9391,happy
9244,sadness
28192,sadness
18296,sadness
24874,happy
16383,sadness
6025,sadness
24945,happy
24379,happy
16834,happy
5291,sadness
18729,happy
21145,sadness
21235,sadness
6068,sadness
10680,happy
12000,happy
5033,happy
19857,happy
21778,sadness
22521,sadness
28612,happy
20504,happy
25002,sadness
23400,happy
5370,sadness
10098,sadness
7928,happy
27903,happy
13056,happy
19976,sadness
14508,happy
8548,happy
25907,happy
17888,sadness
2942,sadness
8717,sadness
23180,sadness
8731,sadness
20253,happy
15403,happy
4359,sadness
5424,sadness
26254,sadness
7576,sadness
9631,happy
20455,sadness
8777,happy
18282,happy
25145,sadness
18927,sadness
15799,happy
23937,happy
4572,happy
12120,happy
4857,happy
16691,sadness
25794,happy
26538,sadness
9816,happy
10284,happy
14183,happy
8955,sadness
26794,sadness
19722,happy
21027,happy
27611,happy
15151,happy
20678,happy
23549,sadness
21542,happy
19127,happy
21648,happy
18685,happy
20709,happy
11801,happy
23303,happy
26925,sadness
7804,happy
11481,sadness
17187,happy
17830,happy
15543,sadness
25154,happy
11415,sadness
2278,sadness
530,sadness
19494,sadness
20361,happy
15275,sadness
13032,sadness
28321,happy
22235,happy
25564,happy
540,sadness
28295,happy
7825,sadness
6369,sadness
8018,sadness
12648,happy
23353,sadness
27543,happy
9720,happy
23411,sadness
23520,happy
25821,happy
27670,sadness
11907,happy
17414,sadness
25218,sadness
8153,happy
27052,sadness
28017,sadness
28488,sadness
22805,happy
20074,happy
11685,happy
17884,happy
26871,happy
15320,happy
11691,happy
28562,happy
11352,sadness
6704,happy
17602,sadness
10631,sadness
15161,happy
15707,happy
12611,happy
7621,sadness
22740,sadness
27407,happy
3082,sadness
12797,happy
28041,sadness
9122,sadness
15239,sadness
317,sadness
18771,happy
19596,happy
17608,happy
1984,happy
16487,sadness
12849,sadness
12170,happy
25111,sadness
18836,sadness
13943,happy
27640,happy
17984,sadness
11077,happy
13727,happy
20894,happy
13917,happy
8036,happy
10683,happy
16278,sadness
26265,happy
25768,happy
4738,sadness
28348,sadness
11884,sadness
19509,sadness
10992,happy
9892,happy
16455,sadness
8814,sadness
25733,happy
14822,happy
22732,sadness
8336,sadness
16408,sadness
18733,sadness
14223,happy
16838,sadness
25736,happy
13153,happy
28377,sadness
22804,happy
8116,happy
9549,sadness
6574,sadness
2166,sadness
19879,sadness
2785,sadness
2312,sadness
27587,happy
6994,happy
18564,happy
16125,sadness
24399,happy
28299,happy
28691,sadness
16861,sadness
19613,sadness
9256,sadness
22344,sadness
16619,sadness
24871,sadness
13283,happy
10483,happy
15687,sadness
13106,happy
11365,sadness
8966,happy
12111,sadness
16629,happy
24322,happy
23412,happy
